headline,summary,text,link,published_time,disaster_time,time_source,disaster_type,confidence,location,state,country,is_disaster,processed_at
"Earthquake shakes Delhi-NCR, several parts of North India","Earthquake shakes Delhi-NCR, several parts of North India MSN","Earthquake shakes Delhi-NCR, several parts of North India Earthquake shakes Delhi-NCR, several parts of North India MSN",https://news.google.com/rss/articles/CBMi6wFBVV95cUxOQnRZaUZVRjMzWEZYalBDWlU5c1lGeDU5LWxadzlKblRzY2RFLUlud2h4dlRlMUVzQW1aMTc0bVZVQ0ZpbnFPeWVreXdxcVd1OFFoNExOS2pNalI5ZHlvYXRJVGZJRkRhWDZHai1LOEtPVjB6bzlfZDZ4eXRIb3ppenYzV2ZXZE9BemZhSGNnYWxybU1yWDNTODNLazQxZXYxZjZieVJKc0c1QnBXbjZyYWhzRkNVaVNMb0FFSHd6MVNlQURJQ1A3QTZiMUpvYXJWRmI5Q19LdUpTTXFUZ21LclhXdkdCRDhSRnUw?oc=5,"Wed, 08 Apr 2026 22:16:26 GMT",2026-04-08T22:16:26+00:00,published_fallback,earthquake,0.9646,Delhi,Delhi,India,True,2026-04-09T14:39:17.563855+00:00
Mild earthquake hits Barwani district in Madhya Pradesh,Mild earthquake hits Barwani district in Madhya Pradesh MSN,Mild earthquake hits Barwani district in Madhya Pradesh Mild earthquake hits Barwani district in Madhya Pradesh MSN,https://news.google.com/rss/articles/CBMivAJBVV95cUxNc0I3SGpOVHh3ZGJ3SC1KQVpfcEU2WXZlU1pfUjJUdURXSWJCcFlSU05vS1lNZ0lkSkJVTjF0MUZHQjN2Yno2Yl9HOWpxWGVZVExvckNBN21MV0dyeG9LckkxVWtGSTdvR01sbVV2d1E4Nk54ZXFmSFNfYk81RjRzMTRfRmwwUEVLYWo4ckhVVFBtOUNKQktndm5JRHFVZGJackZ3dGJGcDBPYmR6bEJwaS0zTExtZ0w3R201bGloXzdQdWlZN3VJaEp6djRuWjZNR3JMNUlzaVUyR2lvVHJfVnVTYUlRN0h1ZzdGNWlkaS15d2lyamltY3BudjFYZjBIV3NKeWRqcjRnSERVYjcycVpLY0k2d0ZiN3NSdUdFU3p6ZGFMSkR6Y0g4T0s0YTNBQ0Jxa2FkVjBDd0hu?oc=5,"Wed, 08 Apr 2026 17:47:11 GMT",2026-04-08T17:47:11+00:00,published_fallback,earthquake,0.9648,,Madhya Pradesh,India,True,2026-04-09T14:39:17.563855+00:00
"Light mag. 3.2 earthquake - 17 km south of Silchar, Cachar, Assam, India, on Thursday, Apr 9, 2026, at 08:25 am (GMT +5:30)","Light mag. 3.2 earthquake - 17 km south of Silchar, Cachar, Assam, India, on Thursday, Apr 9, 2026, at 08:25 am (GMT +5:30) Volcano Discovery","Light mag. 3.2 earthquake - 17 km south of Silchar, Cachar, Assam, India, on Thursday, Apr 9, 2026, at 08:25 am (GMT +5:30) Light mag. 3.2 earthquake - 17 km south of Silchar, Cachar, Assam, India, on Thursday, Apr 9, 2026, at 08:25 am (GMT +5:30) Volcano Discovery",https://news.google.com/rss/articles/CBMivgFBVV95cUxPMTdnaF9TdWdYZ25CSHlkZ3RKR1lVM2p2eWxzaFpsUDFXaHlQZE9lSG1EWVVFNC1rUHNlVVE2NDVMMXE2TDQtNmlkZXdJVWxIRU5EUFRyN0VaRGNWYzhUMDhQeTNteWNINFN3aFhoWnJiVmRNSFpXUjBqWDVSV2NjMkpqZDJxdTRRMFNvTDlJS3Npb09oTGdFRDd0SHhhbk9acXdZRmVwc3I2NVJTSm5TNjlaWGxKRTgyNFJ0dW13?oc=5,"Thu, 09 Apr 2026 05:44:05 GMT",2026-04-02,extracted_day,earthquake,0.9578,Silchar,Assam,India,True,2026-04-09T14:39:17.563855+00:00
"Light mag. 3.2 earthquake - Majuli, 13 km southeast of Jorhat, Jorhat, Assam, India, on Thursday, Apr 9, 2026, at 04:15 pm","Light mag. 3.2 earthquake - Majuli, 13 km southeast of Jorhat, Jorhat, Assam, India, on Thursday, Apr 9, 2026, at 04:15 pm  Volcano Discovery","Light mag. 3.2 earthquake - Majuli, 13 km southeast of Jorhat, Jorhat, Assam, India, on Thursday, Apr 9, 2026, at 04:15 pm  Light mag. 3.2 earthquake - Majuli, 13 km southeast of Jorhat, Jorhat, Assam, India, on Thursday, Apr 9, 2026, at 04:15 pm  Volcano Discovery",https://news.google.com/rss/articles/CBMirgFBVV95cUxQS2Q1TEVFcE13U3FnRFpZdFhUWW9OTTdpME5tUk53SU9KUmxMUXMwUE1CQV9qdlo3bHd0WW12U25MQmNuVjh0ZmJTOFJkOGpFSGo4aTZIZFpfeUdETG4yd1NIeWY3RWRrUzJsNFI3Y1JBY3U3SWhPMVNXWl9jeDVaMXg0UXo0eC00ajZ5eEJRa0tldzZFOHJESlBZTjFIZXRlaEJ1ZUF0ZnNWNGFoS0E?oc=5,"Thu, 09 Apr 2026 11:05:17 GMT",2026-04-02,extracted_day,earthquake,0.9576,Jorhat,Assam,India,True,2026-04-09T14:39:17.563855+00:00
"Light mag. 3.2 earthquake - Leh, Ladakh, 116km N of Leh, Laddakh, India, on Thursday, Apr 9, 2026, at 07:49 am","Light mag. 3.2 earthquake - Leh, Ladakh, 116km N of Leh, Laddakh, India, on Thursday, Apr 9, 2026, at 07:49 am  Volcano Discovery","Light mag. 3.2 earthquake - Leh, Ladakh, 116km N of Leh, Laddakh, India, on Thursday, Apr 9, 2026, at 07:49 am  Light mag. 3.2 earthquake - Leh, Ladakh, 116km N of Leh, Laddakh, India, on Thursday, Apr 9, 2026, at 07:49 am  Volcano Discovery",https://news.google.com/rss/articles/CBMiygFBVV95cUxQMUxUNkRwZmJBNnAxOEN0YTNhdkpseDlyLWNRUkFEeWpDODQyRm5mTk1ta2FWbUM0TFp4VEptVmhudnZfNUU5aExVUjZyX0tWTFBJN0Z1NEFMQmFmYktoWXNIOUdTc0tSSG5XaEd1RHY2MjdQQy1OM24teWZEVHc4NjNmWkd5M1BMM01TQy1iTUIzX0RncVVhMHlYaFUtVkZXMFJOSVAxa2Z1czZFYnNDU3VncDZBRzNuZlR5SGQxckF3cGRNcE85eWpB?oc=5,"Thu, 09 Apr 2026 02:54:44 GMT",2026-04-02,extracted_day,earthquake,0.9581,Leh,Ladakh,India,True,2026-04-09T14:39:17.563855+00:00
"Light mag. 3.2 earthquake - Karimganj, Assam, 15 km northeast of Dharmanagar, North Tripura, Tripura, India, on Thursday, Apr 9, 2026, at 08:08 am","Light mag. 3.2 earthquake - Karimganj, Assam, 15 km northeast of Dharmanagar, North Tripura, Tripura, India, on Thursday, Apr 9, 2026, at 08:08 am  Volcano Discovery","Light mag. 3.2 earthquake - Karimganj, Assam, 15 km northeast of Dharmanagar, North Tripura, Tripura, India, on Thursday, Apr 9, 2026, at 08:08 am  Light mag. 3.2 earthquake - Karimganj, Assam, 15 km northeast of Dharmanagar, North Tripura, Tripura, India, on Thursday, Apr 9, 2026, at 08:08 am  Volcano Discovery",https://news.google.com/rss/articles/CBMi2gFBVV95cUxOUEVVa3Z3dWxIVWhpdFRLaks1NzlBemE0TkFaNllGQy15YlFsaTFMSkFCVnZCeTZBNzhpWDdJR0tsU3ZZbFluQnRzUkVsMFRUVTVFZGdqQV9SZFdwZlpieDJxU1NCNVJJU0lNS1hUTC1LQ0xLMHBSMTVpN1VuT0pia1ZxSzhYZEQ0NUNoRGdkbHVBcXJwYUhBU3JVYUNCbVJFMVByMFFCUlJ0alJEQ0RmUkh5bTltVFVUTjFNYkxWR1dwRlJMQlRmVjVNcU5ab1NGa21WZkViYVpUZw?oc=5,"Thu, 09 Apr 2026 03:55:02 GMT",2026-04-02,extracted_day,earthquake,0.9551,Karimganj,Assam,India,True,2026-04-09T14:39:17.563855+00:00
"Light mag. 3.6 earthquake - 28 km west of Nongstoin, West Khasi Hills, Meghalaya, India, on Thursday, Apr 9, 2026, at 06:17 am","Light mag. 3.6 earthquake - 28 km west of Nongstoin, West Khasi Hills, Meghalaya, India, on Thursday, Apr 9, 2026, at 06:17 am  Volcano Discovery","Light mag. 3.6 earthquake - 28 km west of Nongstoin, West Khasi Hills, Meghalaya, India, on Thursday, Apr 9, 2026, at 06:17 am  Light mag. 3.6 earthquake - 28 km west of Nongstoin, West Khasi Hills, Meghalaya, India, on Thursday, Apr 9, 2026, at 06:17 am  Volcano Discovery",https://news.google.com/rss/articles/CBMi4gFBVV95cUxOZHNGTThvZEdacUl5S2JpZ3BSU0FhSFhKZmIyX2Z1WXI2R21UWXVHRXBmVVVKYUthVFhWeHlFZXBlV1Q1NUcwSTNmeFNpSkY3R050ZmJQOFE5VHNyVmpvTWV1SVpIUVVJenpzTFlyNGNONzN2ZnpsbUFNQ09Ram5KQjlPLS12MU1rWUJEUkFKdVEtYmZVX0tnX1k0VlFQVnFteVk3UjE2MkpEb0FfdndKVkcxaDBYZi1TTFJxUFgtSFRhcE1RbUdhOFhnN0FRRC0wOTlkS3Ntb3YxeFFHdWpscUp3?oc=5,"Thu, 09 Apr 2026 01:40:07 GMT",2026-04-02,extracted_day,earthquake,0.9591,Meghalaya,Meghalaya,India,True,2026-04-09T14:39:17.563855+00:00
"Unconfirmed earthquake or seismic-like event: 0.6 km west of Vijayapura, Bijapur, State of Karnataka, India, Thursday, Apr 9, 2026, at 08:24 am (GMT +5:30)","Unconfirmed earthquake or seismic-like event: 0.6 km west of Vijayapura, Bijapur, State of Karnataka, India, Thursday, Apr 9, 2026, at 08:24 am (GMT +5:30) Volcano Discovery","Unconfirmed earthquake or seismic-like event: 0.6 km west of Vijayapura, Bijapur, State of Karnataka, India, Thursday, Apr 9, 2026, at 08:24 am (GMT +5:30) Unconfirmed earthquake or seismic-like event: 0.6 km west of Vijayapura, Bijapur, State of Karnataka, India, Thursday, Apr 9, 2026, at 08:24 am (GMT +5:30) Volcano Discovery",https://news.google.com/rss/articles/CBMiwAFBVV95cUxOM3BOWXFQUGdDVHlpd0RPQmoyUW9WRlZMcl8zQ3pTMnNUTWJqZlRrS0dpZ3psQjJnNUdrM3AzcDljX25wVmVmcVd5cGN3blkyNGVNbzZBZTdOZGhKeFJudm51RDRlNThQXzAzNGRCV2xrbDViOGgydWVwQnNzdVNXTVQ4UjU5dDFjelJ1T1Ria3dUcGxUSlY4T0NFUXRuVGhfZzdqZTlQcjMtODBzT2NBeGoxOUxLYm5GQkdCNld0aDY?oc=5,"Thu, 09 Apr 2026 03:11:57 GMT",2026-04-02,extracted_day,earthquake,0.9609,,Karnataka,India,True,2026-04-09T14:39:17.563855+00:00
"Moderate mag. 4.6 earthquake - 167 km SE of Port Blair, India, on Thursday, Apr 9, 2026, at 03:43 am (GMT +5:30)","Moderate mag. 4.6 earthquake - 167 km SE of Port Blair, India, on Thursday, Apr 9, 2026, at 03:43 am (GMT +5:30) Volcano Discovery","Moderate mag. 4.6 earthquake - 167 km SE of Port Blair, India, on Thursday, Apr 9, 2026, at 03:43 am (GMT +5:30) Moderate mag. 4.6 earthquake - 167 km SE of Port Blair, India, on Thursday, Apr 9, 2026, at 03:43 am (GMT +5:30) Volcano Discovery",https://news.google.com/rss/articles/CBMiuwFBVV95cUxOdTNjdmlXbVdqVG15aTlGaWs1TUIzSzZEYjNLMUl5UldqQzE1M1dxU1BHQ0Rjc0luVThkSjJPWGZ2dE1RdjQ4VFk0UmhrQTZMM1pKMHdWeXJUVHF5b0lzVUZ6cnlLd0UyRmtmYVM4VW44SXhPMjlFUV9QSnFXdVZKLUJ2aVpHeGdfZmg1bDBNSl9DZ1h3a3ZXVmEySDF6YzlLcmtTVVZNUnE0cWktd1RpSHl6c3paMnY2Smtj?oc=5,"Wed, 08 Apr 2026 22:29:15 GMT",2026-04-02,extracted_day,earthquake,0.9619,Port Blair,Andaman and Nicobar Islands,India,True,2026-04-09T14:39:17.563855+00:00
"Weak mag. 2.9 earthquake - Mangan, 19 km north of Gangtok, Gangtok, Sikkim, India, on Thursday, Apr 9, 2026, at 12:01 am","Weak mag. 2.9 earthquake - Mangan, 19 km north of Gangtok, Gangtok, Sikkim, India, on Thursday, Apr 9, 2026, at 12:01 am  Volcano Discovery","Weak mag. 2.9 earthquake - Mangan, 19 km north of Gangtok, Gangtok, Sikkim, India, on Thursday, Apr 9, 2026, at 12:01 am  Weak mag. 2.9 earthquake - Mangan, 19 km north of Gangtok, Gangtok, Sikkim, India, on Thursday, Apr 9, 2026, at 12:01 am  Volcano Discovery",https://news.google.com/rss/articles/CBMipgFBVV95cUxOQnFJbEhfYjJDVVlIRVYyREh1OXR0RmNZTDlMQWFkOHhkbUJfSC1aNXR1c1o3Vnl5cjlMTmFiS2dsRHM0ZFhnakp3UnR6dVlzb1NOdXlZY1lKR09jdDFpazE3WVIzdnpyQXhLSi1OeWJpUXJZSHl6M0twMEtJc01LeVV0S2c4Y1BiQTZVc2NtU1Z2cGdiS01qVDFyZ0Z5dEdHZzlUZVdn?oc=5,"Wed, 08 Apr 2026 18:31:47 GMT",2026-04-02,extracted_day,earthquake,0.9587,Gangtok,Sikkim,India,True,2026-04-09T14:39:17.563855+00:00
"Heavy Showers Trigger Flash Flood, Landslide Alert Across Kashmir; Snowfall in Higher Reaches","Heavy Showers Trigger Flash Flood, Landslide Alert Across Kashmir; Snowfall in Higher Reaches Gulistan News Tv","Heavy Showers Trigger Flash Flood, Landslide Alert Across Kashmir; Snowfall in Higher Reaches Heavy Showers Trigger Flash Flood, Landslide Alert Across Kashmir; Snowfall in Higher Reaches Gulistan News Tv",https://news.google.com/rss/articles/CBMiuwFBVV95cUxPNzN6Z3lTVUpnUXVfeEtVZU0tOXJwdTJTRFBsNVlPN0JtaXFxUFd6RkJYZlh6bUlzTzN2a0RxM3VsVVlCQVNIM0VySVVzdzZtZ3RuNEVxT2VCZXF3VVVpLWZrdnV6OXdiQk94Nks0V3didWMtbzFyWnpfUV9iNVdnSWpXM2JMR1VJNHhUZHpkYUllMjRyRXlCLVNCYkhZaEdWVTh3Vi1JQzdPcXRfY3gyWXpXYXlSeGZRMXA4?oc=5,"Wed, 08 Apr 2026 14:54:31 GMT",2026-04-08T14:54:31+00:00,published_fallback,flood,0.8209,Kashmir,Jammu and Kashmir,India,True,2026-04-09T14:39:17.563855+00:00
Kerala floods 2018: New audio clip reignite debate on man-made Kerala floods - theweek.in,Kerala floods 2018: New audio clip reignite debate on man-made Kerala floods theweek.in,Kerala floods 2018: New audio clip reignite debate on man-made Kerala floods - theweek.in Kerala floods 2018: New audio clip reignite debate on man-made Kerala floods theweek.in,https://news.google.com/rss/articles/CBMiwAFBVV95cUxOTDBkaW05Z3hUWWdtWlhCMGVUSG52R2puZXBYcnVrOFdJSzR6bTd5Z2pmOFhPMjZBem1nb0dMVl9wYTBCaGtxby1tbVNuQU1sXzlvNkJqQUNPa2ZNN19GcFJSeFliY3JoWGt1SFR4MGdlX3YtUU4zQmRKZHFtWmgtY2tpYjQ1OExIU1BvSGwzbTJWbTBhbWV6WGR3RnBtWEJ1TWw1dkRYMGxXbDNWUm9UNmFobEVacUg1QldUbzRYUmXSAcYBQVVfeXFMT0FhdGpQdTRFd0xTS0FRNENRY2IwRHk3MGlzc2NOQVRTVWF6RlUydWU4MUtDd0FQOXN0SGdkUUpUSU9RbmUwM3B5QllZTFluZkRFX2NUSmNDeEk5QlBIQkRIVlhzOGlPSUNfX0ZpQS1jN2ZMU3V3YkZFZVpSeXhrTlMyN3JCTEhFS2x3c011TUlBYmlKbVg3eGRxaEIySzM4VTFJZFdlSWJTSTNqeU5aLUt1WEpMSkgxX3VzTTVUYzhCZ3M0MFZR?oc=5,"Thu, 09 Apr 2026 07:15:00 GMT",2026-04-09T07:15:00+00:00,published_fallback,flood,0.9355,Kerala,Kerala,India,True,2026-04-09T14:39:17.563855+00:00
"1,321 stranded tourists rescued from landslide hit North Sikkim","1,321 stranded tourists rescued from landslide hit North Sikkim ThePrint","1,321 stranded tourists rescued from landslide hit North Sikkim 1,321 stranded tourists rescued from landslide hit North Sikkim ThePrint",https://news.google.com/rss/articles/CBMiowFBVV95cUxOUTZ3cDBULVRJUkp0elVYUEF1UDVvZldtRmtBVEhHbnlGVHFLS3VaSHA4OTR0MjNCWGdKUDNzaXFXSXFOajViaEVzWkFqUHFocGpFZmVPUVktSU94cGtlcDdjdnhJeWxrbVhjYkJQSXA1Wk13eS1NUmc3U0VONXVvWmZXb2Vyc1B5YnN2Rm5UVTcycTU0WGR2RkVkX0VJRVRyemF30gGjAUFVX3lxTE5RNndwMFQtVElSSnR6VVhQQXVQNW9mV21Ga0FUSEdueUZUcUtLdVpIcDg5NHQyM0JYZ0pQM3NpcVdJcU5qNWJoRXNaQWpQcWhwakVmZU9RWS1JT3hwa2VwN2N2eEl5bGttWGNiQlBJcDVaTXd5LU1SZzdTRU41dW9aZldvZXJzUHlic3ZGblRVNzJxNTRYZHZGRWRfRUlFVHJ6YXc?oc=5,"Thu, 09 Apr 2026 10:45:27 GMT",2026-04-09T10:45:27+00:00,published_fallback,landslide,0.9237,Sikkim,Sikkim,India,True,2026-04-09T14:39:17.563855+00:00
Army rescues 135 tourists in North Sikkim amid landslides; many still stranded - madhyamamonline.com,Army rescues 135 tourists in North Sikkim amid landslides; many still stranded madhyamamonline.com,Army rescues 135 tourists in North Sikkim amid landslides; many still stranded - madhyamamonline.com Army rescues 135 tourists in North Sikkim amid landslides; many still stranded madhyamamonline.com,https://news.google.com/rss/articles/CBMisAFBVV95cUxQUG11aEMwYkhMMGp6ekFiSjlsWjZuY2d2LTVUYUFUOVlRV3ZKanpwTHhLbmJZYkgtelFZZVNKNEZMalRwcmNHUl9SZjNTMmhKRTN0aldaYXFSZVd1RmNjVTM5c2h6NkgwTW9UQnZWcGQwZTlRVFZSeGZmUlptTmhMZjc1eUFUcHpTeWNwMGF3T01CaHZzcjEyTm1DdmR3MEdVZExtTTVpelZlYjEwUlJ3WtIBtgFBVV95cUxNT0pjZmdWUU9pek9QbjBDSnZHSTdlMWd4Y1dSQXNId2Z2RTNFaEczX1hrbWF0Q0Fzay02MlRVN18zdWpIRS11R0EtQmM5Q3Q5UEhQYUE0UVhYVkluRnZWLWFabUdlamo5eWE4RlRkM2lkUVZyNU9wQURjSzhselFGQUZxRXBIbzFFd1lMMmJxdzBFSndTUWY4ZksxdTY1MENsSXIzcTZ5bFBrYmNUX19NVWhUTkFLdw?oc=5,"Thu, 09 Apr 2026 09:00:45 GMT",2026-04-09T09:00:45+00:00,published_fallback,landslide,0.5793,Sikkim,Sikkim,India,True,2026-04-09T14:39:17.563855+00:00
"Operation Him Setu: Indian Army and BRO safely evacuate 1,321 tourists stranded by a landslide in Lachen, North Sikkim","Operation Him Setu: Indian Army and BRO safely evacuate 1,321 tourists stranded by a landslide in Lachen, North Sikkim Organiser","Operation Him Setu: Indian Army and BRO safely evacuate 1,321 tourists stranded by a landslide in Lachen, North Sikkim Operation Him Setu: Indian Army and BRO safely evacuate 1,321 tourists stranded by a landslide in Lachen, North Sikkim Organiser",https://news.google.com/rss/articles/CBMi9gFBVV95cUxPdEJEdlJFbV9ncEhZSXo5Ry1MYk1EbzRMckJtTEZ3Vm9wRDdzcWs4cURWWTM5TE0yYzh2Q0l0c1dOZEJBdUJxQ1ppbkdxUUhSV1Z5eXJpcmJkWFJfLWRzdmVyUUFPMkpYbl9fYnhLME11NDR4bjQxOVI0ZGROOGp5amp2MVkyYXo5NEdSOWx5bjltNm8wVEtaUFp1UVZGNGdOTGlpaHYzZmx0ekpqemdaczlXbXhZR2RMZXI1VU1JRzJlcWZ4UzU0QXFQNXhiZ2xlNF9VVUhiTlUtMi13NlBjWHB5MnJUV2VETFNja3V3WXViVmxtWFHSAfsBQVVfeXFMT0FYYVJLSWQyODAwS3kzREMwbU5WcWxFYlJyWFRDa2VyN0p3TGZQREhmX2s5VkdrTnUxTnA3bENGUUhrUkUyN0VBRmx4T2tvdzFhNFVTUUMxR0tWZS03MUZOYkJuRXF1ZnhkNER4aWY5VUZwbEpmWXNuRUtZMGhhOV90cnZIRUgxUXFlbUJsSkREWGdCNE9HZW5jWmhwOTFaU1puendBNURIbjRXVGFwTGxCczlzeGoxUWZ3Z2ZIekNUNDVtTjVfbUhVQVNBUU4tcXZsWWE1Vkg2N244aldZdHZ0d0hreXFDUHJjWHJ4bl9ubExUZ3JGME9TQms?oc=5,"Thu, 09 Apr 2026 13:35:05 GMT",2026-04-09T13:35:05+00:00,published_fallback,landslide,0.779,Sikkim,Sikkim,India,True,2026-04-09T14:39:17.563855+00:00
"North Sikkim landslides: Army rescues 135 tourists, many still stranded","North Sikkim landslides: Army rescues 135 tourists, many still stranded Business Standard","North Sikkim landslides: Army rescues 135 tourists, many still stranded North Sikkim landslides: Army rescues 135 tourists, many still stranded Business Standard",https://news.google.com/rss/articles/CBMi3wFBVV95cUxPTl9ETzR4WUxkQmI4QUdmeUFSbklWNDJpRjNaaUJkeFVyRVpyd1BoTFpCdnZjdE5SRHVKU2RBaXQ4bGVOV2M5SUFfYmhBamdxRGdfdl9PSmlvZUVUaGhYMzdKRjEwMm1lS2ZaMUs1UGRJOGNLX0hQbkJKaUFGQVRiT1FyNURDRHFGMlNObVN2VHVUWTA2WUlWZXlvV3Y3ejZZcUh4cExnSzRpdkhHRWpubHNnNzdvdnZzbjhqZlVBS1NINGVpTk9LTVFKLXV3LW4xSThHdU5wT0VUc1VZLXJB0gHfAUFVX3lxTE9OX0RPNHhZTGRCYjhBR2Z5QVJuSVY0MmlGM1ppQmR4VXJFWnJ3UGhMWkJ2dmN0TlJEdUpTZEFpdDhsZU5XYzlJQV9iaEFqZ3FEZ192X09KaW9lRVRoaFgzN0pGMTAybWVLZloxSzVQZEk4Y0tfSFBuQkppQUZBVGJPUXI1RENEcUYyU05tU3ZUdVRZMDZZSVZleW9Xdjd6NllxSHhwTGdLNGl2SEdFam5sc2c3N292dnNuOGpmVUFLU0g0ZWlOT0tNUUotdXctbjFJOEd1TnBPRVRzVVktckE?oc=5,"Thu, 09 Apr 2026 06:55:13 GMT",2026-04-09T06:55:13+00:00,published_fallback,landslide,0.909,Sikkim,Sikkim,India,True,2026-04-09T14:39:17.563855+00:00
Sikkim landslides: Army launches Op Him Setu to rescue tourists,Sikkim landslides: Army launches Op Him Setu to rescue tourists News Arena India,Sikkim landslides: Army launches Op Him Setu to rescue tourists Sikkim landslides: Army launches Op Him Setu to rescue tourists News Arena India,https://news.google.com/rss/articles/CBMipAFBVV95cUxOekVJUXM5WTdMQ3hkUEZPSzEyMGRSV2V3UWZKeVhUYmR3aEV3N0gzY2NZbV9Pa2xJMDl3MXpteWxWLTRYWm1TSWdJa0FxYjlWdlJVdEZCSkFHZ1dlcDdienhYYS1HTk9Ic3ZubG9zWFoxNnFfMV9lSkVZUjQtVFFyc2VkZXVKWVgweTh5V05fWGJrTDFzbE40TmRVVldkd2NOcGhMRw?oc=5,"Thu, 09 Apr 2026 10:29:10 GMT",2026-04-09T10:29:10+00:00,published_fallback,landslide,0.8754,Sikkim,Sikkim,India,True,2026-04-09T14:39:17.563855+00:00
"Army rescues 135 tourists in North Sikkim, operation continues amid landslides - indianews.com.au","Army rescues 135 tourists in North Sikkim, operation continues amid landslides indianews.com.au","Army rescues 135 tourists in North Sikkim, operation continues amid landslides - indianews.com.au Army rescues 135 tourists in North Sikkim, operation continues amid landslides indianews.com.au",https://news.google.com/rss/articles/CBMipgFBVV95cUxNSVBtekZjVlROV1hGVGJ4c0R6cXZOeE54VEJ1enZoekdBeTZHb3NIb1RQbk9QaGIxeHM4SlpQTXFjVXRLckctSWlLZ09fNVZ1Wkx5TVdESDlVZ0FxU092dlo2RnhJSldxa3NkZDctUWlmTUM1OFNTT0QzbE56VnFrd25ZOFJxbTI0ajVoZHl0NzJ1RDlGN0FaOWEzN1FzZ1c0VThMWndR?oc=5,"Thu, 09 Apr 2026 07:39:23 GMT",2026-04-09T07:39:23+00:00,published_fallback,landslide,0.5568,Sikkim,Sikkim,India,True,2026-04-09T14:39:17.563855+00:00
Army Rescues 135 Tourists Stranded in North Sikkim After Landslides,Army Rescues 135 Tourists Stranded in North Sikkim After Landslides Outlook India,Army Rescues 135 Tourists Stranded in North Sikkim After Landslides Army Rescues 135 Tourists Stranded in North Sikkim After Landslides Outlook India,https://news.google.com/rss/articles/CBMitgFBVV95cUxOMUg3WFg5MGpISlMzRTBjcnBNek1BWndrTWRrUlhUSEtwNjEwXzNWdjRhYmQxWE8xLU5VRUdqc09ZX2dqUmZnQWpZYlZDRFBOaHNpR1NlWEVJcGxral9lbjNkSVpKcno2UHZ1T21zaTRSRUVtNHVfNXdhaXhNZFZzRmhCTlZOeE1QRW0xVDBySXJ5X2pxVlYtMmdPdWVvY0FtYTA2SkE0V3VNOWkzcGlwTkRBamU1d9IBtgFBVV95cUxOMUg3WFg5MGpISlMzRTBjcnBNek1BWndrTWRrUlhUSEtwNjEwXzNWdjRhYmQxWE8xLU5VRUdqc09ZX2dqUmZnQWpZYlZDRFBOaHNpR1NlWEVJcGxral9lbjNkSVpKcno2UHZ1T21zaTRSRUVtNHVfNXdhaXhNZFZzRmhCTlZOeE1QRW0xVDBySXJ5X2pxVlYtMmdPdWVvY0FtYTA2SkE0V3VNOWkzcGlwTkRBamU1dw?oc=5,"Thu, 09 Apr 2026 05:23:06 GMT",2026-04-09T05:23:06+00:00,published_fallback,landslide,0.8799,Sikkim,Sikkim,India,True,2026-04-09T14:39:17.563855+00:00
"Army rescues all 1,321 stranded tourists and 84 locals in North Sikkim after landslides - english.punjabkesari.com","Army rescues all 1,321 stranded tourists and 84 locals in North Sikkim after landslides english.punjabkesari.com","Army rescues all 1,321 stranded tourists and 84 locals in North Sikkim after landslides - english.punjabkesari.com Army rescues all 1,321 stranded tourists and 84 locals in North Sikkim after landslides english.punjabkesari.com",https://news.google.com/rss/articles/CBMiygFBVV95cUxQNDB1WEpCVU5xWHZKWlVlUHRoRTFBalNpdXFOeWMtOVBPejlCUFhVdUtEQmJGT2U3Z0p3S3VIY2ZqSTlqWGh5RWJXX0ZBdzhDalpuTUpISm1GMmpEdXlzVkdIRzZLM19kQ2F6QWtOU0xBU3h5M3RqWnFJTXo1Z1g5SEFWUUtjTnROd2k5LWhpLVhFZzM1NzBUUTVBTXVtTkdGaEw2YWlrbGF0Q05XbWhfZVFtdFFYNDUzVGtuaGVOMGo2enVGZlJTb0JB0gHKAUFVX3lxTFA0MHVYSkJVTnFYdkpaVWVQdGhFMUFqU2l1cU55Yy05UE96OUJQWFV1S0RCYkZPZTdnSndLdUhjZmpJOWpYaHlFYldfRkF3OENqWm5NSkhKbUYyakR1eXNWR0hHNkszX2RDYXpBa05TTEFTeHkzdGpacUlNejVnWDlIQVZRS2NOdE53aTktaGktWEVnMzU3MFRRNUFNdW1OR0ZoTDZhaWtsYXRDTldtaF9lUW10UVg0NTNUa25oZU4wajZ6dUZmUlNvQkE?oc=5,"Thu, 09 Apr 2026 11:51:36 GMT",2026-04-09T11:51:36+00:00,published_fallback,landslide,0.8295,Sikkim,Sikkim,India,True,2026-04-09T14:39:17.563855+00:00
"For 2nd day, traffic remains suspended on landslide-hit Jammu-Srinagar NH","For 2nd day, traffic remains suspended on landslide-hit Jammu-Srinagar NH Tribune India","For 2nd day, traffic remains suspended on landslide-hit Jammu-Srinagar NH For 2nd day, traffic remains suspended on landslide-hit Jammu-Srinagar NH Tribune India",https://news.google.com/rss/articles/CBMisAFBVV95cUxQN3puNVMzTEJmeGJXUHptbG44R05JY3JkVGlBWGQxbzE1YnhlZU5KRU54UklSeGZpRkZLc1RaVHF2OVdYZVY1WExXMUFaaVRyQ1VTSzl2cXBLQlh2YjNYVnFERG85WGlBdGpFam5abUwyTFZpcG8zY204eEt3OE1aNDZFc2RqVWpSdzc2MmRlQ2dYajJwREp4N2QzdW1SRHA2a3d5QnVMblVpRlJQWmlaNw?oc=5,"Wed, 08 Apr 2026 21:30:51 GMT",2026-04-08T21:30:51+00:00,published_fallback,landslide,0.8784,Srinagar,Jammu and Kashmir,India,True,2026-04-09T14:39:17.563855+00:00
"Srinagar-Jammu highway blocked due to landslide, shooting stones","Srinagar-Jammu highway blocked due to landslide, shooting stones MSN","Srinagar-Jammu highway blocked due to landslide, shooting stones Srinagar-Jammu highway blocked due to landslide, shooting stones MSN",https://news.google.com/rss/articles/CBMi8wFBVV95cUxPaEZVb0hKOHVoZnpCSWVMdVN1NVJxZ0VPenBMNHg0aF9RaTU5NTh6WG9WdmVrUVVrSmxpZjl2SjlhUU1tdVVSY2MzQVpqcVFhU3ptOS1pQm1rMlFHODZ4SDBvdjhvQU5zWjh6cG5JWExoWGxDZUlUX19zXzFGSFFlOVotTGRzYmxXbkk5QmY2Q016MGdsWEhkUk5xVDY5SUJiSGdMTnp2UkczNUxHTUJaMHdyV0ZZMjFLd1REZGY3NlpLbHlseFpyMTVLT0dwcVQ0NGE1WXhzT2ZLbUdQcndoS1MxT2JyOVgxY2kzN0U0RjJqa0E?oc=5,"Wed, 08 Apr 2026 17:00:55 GMT",2026-04-08T17:00:55+00:00,published_fallback,landslide,0.8827,Srinagar,Jammu and Kashmir,India,True,2026-04-09T14:39:17.563855+00:00
Massive landslide blocks Jammu-Srinagar highway in Ramban district,Massive landslide blocks Jammu-Srinagar highway in Ramban district MSN,Massive landslide blocks Jammu-Srinagar highway in Ramban district Massive landslide blocks Jammu-Srinagar highway in Ramban district MSN,https://news.google.com/rss/articles/CBMitgFBVV95cUxOZU1WVHdQRElQZnl2WGNrQXkyX2tGc25KYkgtZmI3ZnFHR1FmWjBnMHFKUURoX05keWcyeG5uZThtNFFVdjJpMVlqT2JCNU9iRFlkc0VoUzhybEs2ZlAyWVZZb3Y1WGI0YktVUGRNX2FBOWh1V0FUWjlHR2RYYUlMQUkzOFdiX09BZ3ZKWk4wbkxYbkNUcXkySzBfQ01NMkg0UHdEVjVHOW51UlEwVnhzTHdHS2tUUQ?oc=5,"Wed, 08 Apr 2026 16:03:36 GMT",2026-04-08T16:03:36+00:00,published_fallback,landslide,0.915,Srinagar,Jammu and Kashmir,India,True,2026-04-09T14:39:17.563855+00:00
"Landslide in Himachal, bridge falls into river; Thunderstorm alert in 20 states - newspress.co.in","Landslide in Himachal, bridge falls into river; Thunderstorm alert in 20 states newspress.co.in","Landslide in Himachal, bridge falls into river; Thunderstorm alert in 20 states - newspress.co.in Landslide in Himachal, bridge falls into river; Thunderstorm alert in 20 states newspress.co.in",https://news.google.com/rss/articles/CBMipAFBVV95cUxQbnZxMkpYWjktUHQ2Q1F0OElmMGZVY2hYem50NDBsa0lxeDhFOXdCWVlqSHh4bzdISmtYUzRWRkp5V0dsMEtPaFJuVkVSeXN3S3RiVG1ldlJaWVowei1JR0Vqd0ZVQzNVQnE2S0tkSC1NdlN2OFExUlBFZGwxWE16S2lxSVF3YTcyZVVadXZZTUlYOG1hbGtSZ1ZvWnRvUVo4VEZYXw?oc=5,"Wed, 08 Apr 2026 17:56:54 GMT",2026-04-08T17:56:54+00:00,published_fallback,landslide,0.7316,Himachal,Himachal Pradesh,India,True,2026-04-09T14:39:17.563855+00:00
